COD_SUOLO,DESC_SUOLO,Corrected English Crop Name,HRL_Code,HRL_Name,Confidence,Matched_By
666,SEMINATIVI,Arable crops,,,none,no_match
156,USO NON AGRICOLO - ALTRO,Non-agricultural use - other,,,none,no_match
780,USO NON AGRICOLO - TARE,Non-agricultural use - tare,,,none,no_match
629,ORTI FAMILIARI,Family gardens,,,none,no_match
789,MARGINI DEI CAMPI,Field margins,,,none,no_match
157,USO NON AGRICOLO - FABBRICATI,,,,none,no_match
788,SIEPI E FASCE ALBERATE,Hedges and tree strips,,,none,no_match
240,BARBABIETOLA,,,,none,no_match
651,COLTIVAZIONI ARBOREE SPECIALIZZATE,Specialized tree crops,,,none,no_match
386,MARGINI DEI CAMPI SEMINABILI,Field margins (arable),,,none,no_match
786,FOSSATI E CANALI,Ditches and canals,,,none,no_match
791,FASCE TAMPONE RIPARIALI,Riparian buffer strips,,,none,no_match
562,ERBA MEDICA,Alfalfa,,,none,no_match
650,BOSCO,Woodland,,,none,no_match
770,USO NON AGRICOLO - AREE NON COLTIVABILI,,,,none,no_match
214,SUPERFICI AGRICOLE RITIRATE DALLA PRODUZIONE,Agricultural land withdrawn from production,,,none,no_match
685,COLTIVAZIONI ARBOREE PROMISCUE (PIU' SPECIE ARBOREE),Mixed tree crops,,,none,no_match
500,ARBORICOLTURA,Arboriculture,,,none,no_match
784,"MACERI, STAGNI E LAGHETTI",,,,none,no_match
557,SERRE,,,,none,no_match
940,ZUCCA,Pumpkin,,,none,no_match
336,PRATO POLIFITA,Mixed grassland,,,none,no_match
783,ALBERI IN FILARE,Trees in rows,,,none,no_match
785,GRUPPI DI ALBERI E BOSCHETTI,Groups of trees and groves,,,none,no_match
357,ERBA MEDICA  (SP. MEDICAGO SATIVA L. (VARIETA')),,,,none,no_match
065,PASCOLO POLIFITA,Mixed pasture,,,none,no_match
793,ALBERI ISOLATI,Isolated trees,,,none,no_match
660,MANUFATTI,Manufactured goods,,,none,no_match
103,PASCOLO ARBORATO - CESPUGLIATO TARA 20%,Wooded pasture (20% tare),,,none,no_match
722,MISCUGLIO DI AZOTOFISSATRICI,Nitrogen-fixing crop mix,,,none,no_match
054,PASCOLO ARBORATO - TARA 50%,Wooded pasture (50% tare),,,none,no_match
936,RAVANELLO,Radish,,,none,no_match
069,PIOPPO,Poplar,,,none,no_match
800,ERBAIO,Green fodder,,,none,no_match
188,PAULOWNIA TOMENTOSA,Empress tree (Paulownia),,,none,no_match
152,TRIFOGLIO,Clover,,,none,no_match
332,FACELIA,Phacelia,,,none,no_match
966,SALVIA,Sage,,,none,no_match
392,ORTICA,Nettle,,,none,no_match
394,PASSIFLORA,Passionflower,,,none,no_match
933,PREZZEMOLO,Parsley,,,none,no_match
445,LAVANDA,Lavender,,,none,no_match
951,TIMO,Thyme,,,none,no_match
457,ECHINACEA PALLIDA,Echinacea pallida,,,none,no_match
556,VIVAI - ALTRI,Other nurseries,,,none,no_match
964,MAGGIORANA,Marjoram,,,none,no_match
668,EUCALIPTO,Eucalyptus,,,none,no_match
963,ORIGANO,Oregano,,,none,no_match
965,ROSMARINO,Rosemary,,,none,no_match
348,MALVA,Mallow,,,none,no_match
903,BASILICO,Basil,,,none,no_match
471,LOTO (KAKI) (COMPRESO IL CACO MELA),Persimmon,,,none,no_match
552,VIVAI FRUTTICOLI,,,,none,no_match
952,ZAFFERANO,Saffron,,,none,no_match
077,SENAPE,Mustard,,,none,no_match
792,FASCE TAMPONE NON RIPARIALI,Non-riparian buffer strips,,,none,no_match
734,FIORI EDULI,Edible flowers,,,none,no_match
899,PRATO PASCOLO,Pasture meadow,,,none,no_match
024,"BIETOLA (Compresa  la CHELTENHAM BEET, BARBABIETOLA ROSSA/BIETOLA DA COSTA)",,,,none,no_match
436,SENAPE BRUNA,Brown mustard,,,none,no_match
935,RADICCHIO,Radicchio,,,none,no_match
575,"FAVE, FAVINO E FAVETTE",,,,none,no_match
541,MIZUNA O BRASSICA RAPA,Mizuna,,,none,no_match
919,CICORIA,Chicory,,,none,no_match
501,TARTUFO,Truffle,,,none,no_match
551,VIVAI FLORICOLI,,,,none,no_match
303,FAGGIO,,,,none,no_match
917,CETRIOLO,Cucumber,,,none,no_match
507,PIANTE AROMATICHE E MEDICINALI E SPEZIE,Aromatic and medicinal plants and spices,,,none,no_match
646,PIANTE ORNAMENTALI,Ornamental plants,,,none,no_match
112,CANNA CINESE (MISCANTHUS SINENSIS),Chinese silver grass (Miscanthus sinensis),,,none,no_match
429,RAFANO,Horseradish,,,none,no_match
484,CRESCIONE DEI GIARDINI O CRESCIONE INGLESE,Garden cress,,,none,no_match
093,TRITICALE,Triticale,,,none,no_match
118,CAVOLFIORE,Cauliflower,,,none,no_match
167,RUCOLA,Rocket (arugula),,,none,no_match
226,CORIANDOLO,Coriander,,,none,no_match
135,PORRO,Leek,,,none,no_match
324,CAMOMILLA,Chamomile,,,none,no_match
422,BAMBU,Bamboo,,,none,no_match
661,COTOGNO,Quince,,,none,no_match
476,NESPOLO,Medlar,,,none,no_match
840,SULLA,Sulla (Hedysarum coronarium),,,none,no_match
655,ARBORETO CONSOCIABILE (CON COLTIVAZIONI ERBACEE),Mixed arboretum (with herbaceous crops),,,none,no_match
490,FRUTTA A GUSCIO,Nuts,,,none,no_match
680,SCALOGNO,Shallot,,,none,no_match
475,"MIRTILLI ROSSI, MIRTILLI NERI ED ALTRI FRUTTI DEL GENERE ""VACCINIUM""",,,,none,no_match
384,TRIFOGLIO  (SP. TRIFOLIUM PRATENSE L.),,,,none,no_match
962,MENTA,Mint,,,none,no_match
488,ECHINACEA PURPUREA,Echinacea purpurea,,,none,no_match
438,SENAPE NERA,Black mustard,,,none,no_match
424,BAMBU GIGANTE,Giant bamboo,,,none,no_match
080,CRISANTEMO,Chrysanthemum,,,none,no_match
474,MORE,Blackberry,,,none,no_match
545,CHENOPODIUM QUINOA,Quinoa,,,none,no_match
787,MURETTI TRADIZIONALI,Traditional dry stone walls,,,none,no_match
228,GIUGGIOLO,Jujube,,,none,no_match
383,TRIFOGLIO (SP. TRIFOLIUM INCARNATUM L.),Crimson clover (Trifolium incarnatum),,,none,no_match
388,TRIFOGLIO (SP. TRIFOLIUM RESUPINATUM L.),Persian clover (Trifolium resupinatum),,,none,no_match
359,FESTUCA  (SP. FESTUCA ARUNDINACEA SCHREB.),,,,none,no_match
555,VIVAI FORESTALI,,,,none,no_match
120,POINSETTIA (STELLA DI NATALE),Poinsettia,,,none,no_match
535,GERANIO,Geranium,,,none,no_match
790,TERRAZZAMENTI,Terraces,,,none,no_match
316,OLIVELLO O OLIVELLO SPINOSO,Sea buckthorn,,,none,no_match
306,BORRAGINE,Borage,,,none,no_match
292,ARONIA NERA,Black chokeberry (Aronia),,,none,no_match
667,SALICE,Willow,,,none,no_match
619,COLTIVAZIONI ARBOREE PERMANENTI SOGGETTE A DIVIETO DI FERTILIZZAZIONE E DI TRATTAMENTO FITOSANITARIO  LUNGO I CORSI D?ACQUA,,,,none,no_match
076,LUPPOLO,Hop,,,none,no_match
043,RUSCUS,Butcher’s broom (Ruscus),,,none,no_match
031,PEONIA,Peony,,,none,no_match
